comment,cleaned_comment,score1,score2,combined_score
要么男方迁就女方，要么女方迁就男方，都不让步，只能再见,要么男方迁就女方，要么女方迁就男方，都不让步，只能再见,0.3594573740249155,1.0,0.6588880800709161
看似聊了又什么都没聊，感觉男方是在期待着挽回婚姻，或者说改善夫妻关系的。女方的状态像，由于以前夫妻生活的缺失也好，一些事情的处理也好都让她失望了是，挣扎过后没得到回应，然后觉得不爱了，但还是渴望爱，但不相信男方会给她爱了。所以想彻底放弃，但男方没做任何错事，仅凭不爱还不足以让她放弃这段婚姻，所以一直在动摇。关上相机，两人彻底放开内心的聊一聊吧。,看似聊了又什么都没聊，感觉男方是在期待着挽回婚姻，或者说改善夫妻关系的。女方的状态像，由于以前夫妻生活的缺失也好，一些事情的处理也好都让她失望了是，挣扎过后没得到回应，然后觉得不爱了，但还是渴望爱，但不相信男方会给她爱了。所以想彻底放弃，但男方没做任何错事，仅凭不爱还不足以让她放弃这段婚姻，所以一直在动摇。关上相机，两人彻底放开内心的聊一聊吧。,0.3594573740249155,1.0,0.7183483777339967
我觉得话聊到这个份上呢，男方应该主动的去处理离婚这个事情了。女方明确说了，等你出轨，表示说她现在很痛苦，只是在等一个机会，男方说我没法出轨，出于道德也是正常的三观。但是你们讨论的主体是婚姻啊，没有出轨也可以结束这段婚姻，女方明确表示结束婚姻的主动权在你那里，所以无论你是出于爱她还是不爱她，都应该结束掉这段婚姻了,我觉得话聊到这个份上呢，男方应该主动的去处理离婚这个事情了。女方明确说了，等你出轨，表示说她现在很痛苦，只是在等一个机会，男方说我没法出轨，出于道德也是正常的三观。但是你们讨论的主体是婚姻啊，没有出轨也可以结束这段婚姻，女方明确表示结束婚姻的主动权在你那里，所以无论你是出于爱她还是不爱她，都应该结束掉这段婚姻了,0.3594573740249155,1.0,0.8301796997817312
"我是真心觉得凡人歌是一部很好的作品，不是小好，而是大好的那种。

因为他特别赤裸的揭开了一个残酷的现实，那就是对于现在许多女性来说
作为男人你没钱就是有罪
哪怕你是985硕博，哪怕你考上北京公务员，哪怕你是小镇做题家中的佼佼者，只要你没钱，你就是有罪的。
什么尊重女性，思想独立，都是虚的，只要你掏不出钱来，你就是有罪。
女方母亲癌症，男方倾其所有还欠债无数，钱不够，你就是有罪。
没钱，你怎么好意思让女主生孩子的？没钱没房，你怎么有脸结婚的？

结婚就是为了找高富帅供养，你们穷人进入婚恋市场等于加大了女性找高富帅的筛选成本，这种砸人饭碗的事当然会让人恨的咬牙切齿。

但是，当把这一切潜台词都摆上台面后，这剧反而打出了物极必反的效果。
因为把面具撕掉后，核心矛盾反而清晰了

这部剧的核心矛盾就在于，男主作为一个拿死工资的公务员，和女主对钱的需求。

公务员的收入是锁死的，男主再怎么上进也不可能变出钱来，所以他是绝对绝对不可能达到女主要求的。如果能达到，那么这部剧不应该放都市类，而应该放到隔壁反贪类。

这种无法改变的结构性矛盾要怎么解决呢。
电视剧给出的答案是，把一切问题都甩到男主不上进上，再安排一个霸道总裁爱上女主。
但现实中，其实大家很容易就会发现另一个可行性极高的解决方案。

那就是男主作为一个985硕博出身，千军万马考上北京公务员的人中龙凤，为什么要找家庭一般又急需钱的女主呢？你是稳定的穷，她需要的又恰恰是钱，两者显然是不合适啊？

那应该找谁呢？老祖宗在一千年前已经给出答案了
榜下捉婿，只要你考上状元，皇亲国戚old money们自然会在新科进士放榜之日找你。
薄情寡义红娇娘，怎配我蓝袍黄领状元郎。

身家清白的新科进士，最合适的还真就是丞相之女王城老钱。
男方有前途没现金流，女方家有现金流但需要未来靠山，这才是天造地设，这才叫双向奔赴。

很多人觉得古人描述的丞相小姐看中书生是扯淡，错
能够穿越时间长河的事物，往往有其道理。
朝堂老钱和新科进士，这种建立在利益之上的互补决定了双方联合的稳固性。
现实中，考上公务员的男方也基本都是被各路老人，当地富商们快速抢走。

所以这个电视剧的一切问题确实都在男主身上，作为一个一路披荆斩棘杀进北上广的人中龙凤，居然没有意识到他和女主的结构性矛盾无法调和，那这一切后果确实就活该他来背负。",我是真心觉得凡人歌是一部很好的作品，不是小好，而是大好的那种。 因为他特别赤裸的揭开了一个残酷的现实，那就是对于现在许多女性来说 作为男人你没钱就是有罪 哪怕你是硕博，哪怕你考上北京公务员，哪怕你是小镇做题家中的佼佼者，只要你没钱，你就是有罪的。 什么尊重女性，思想独立，都是虚的，只要你掏不出钱来，你就是有罪。 女方母亲癌症，男方倾其所有还欠债无数，钱不够，你就是有罪。 没钱，你怎么好意思让女主生孩子的？没钱没房，你怎么有脸结婚的？ 结婚就是为了找高富帅供养，你们穷人进入婚恋市场等于加大了女性找高富帅的筛选成本，这种砸人饭碗的事当然会让人恨的咬牙切齿。 但是，当把这一切潜台词都摆上台面后，这剧反而打出了物极必反的效果。 因为把面具撕掉后，核心矛盾反而清晰了 这部剧的核心矛盾就在于，男主作为一个拿死工资的公务员，和女主对钱的需求。 公务员的收入是锁死的，男主再怎么上进也不可能变出钱来，所以他是绝对绝对不可能达到女主要求的。如果能达到，那么这部剧不应该放都市类，而应该放到隔壁反贪类。 这种无法改变的结构性矛盾要怎么解决呢。 电视剧给出的答案是，把一切问题都甩到男主不上进上，再安排一个霸道总裁爱上女主。 但现实中，其实大家很容易就会发现另一个可行性极高的解决方案。 那就是男主作为一个硕博出身，千军万马考上北京公务员的人中龙凤，为什么要找家庭一般又急需钱的女主呢？你是稳定的穷，她需要的又恰恰是钱，两者显然是不合适啊？ 那应该找谁呢？老祖宗在一千年前已经给出答案了 榜下捉婿，只要你考上状元，皇亲国戚old money们自然会在新科进士放榜之日找你。 薄情寡义红娇娘，怎配我蓝袍黄领状元郎。 身家清白的新科进士，最合适的还真就是丞相之女王城老钱。 男方有前途没现金流，女方家有现金流但需要未来靠山，这才是天造地设，这才叫双向奔赴。 很多人觉得古人描述的丞相小姐看中书生是扯淡，错 能够穿越时间长河的事物，往往有其道理。 朝堂老钱和新科进士，这种建立在利益之上的互补决定了双方联合的稳固性。 现实中，考上公务员的男方也基本都是被各路老人，当地富商们快速抢走。 所以这个电视剧的一切问题确实都在男主身上，作为一个一路披荆斩棘杀进北上广的人中龙凤，居然没有意识到他和女主的结构性矛盾无法调和，那这一切后果确实就活该他来背负。,0.3594573740249155,1.0,1.0
男女大学相识相爱毕业就步入婚姻，男方进入金融业，女方考上了京都公务员。期间男方工资从一万慢慢涨到了两万，女方从5千涨到了8千。期间女方花销精打细算，有点扣搜。天降灾祸，婆婆得了癌症晚期，夫妻两把10年积攒的存款全花在治疗上了，女方没有半句怨言，并且在医院身体力行照顾婆婆吃穿洗漱。矛盾来了：女方觉得癌症晚期，时日无多，存款已经清空，并且不愿意去走关系走后门搞特权，不愿借几十万来继续治疗，被男方记恨在心。事后男方借了暧昧女上司几十万来治疗。婆婆去世后双方又因3万与30万的墓地款爆发矛盾，虽然女方后面又借来款项购买了贵的墓地但是也被男方记了一笔。之后男方以无住房无存款有负债没条件养育孩子为由给女方下药打掉了刚怀上的孩子。后续男方以女方在各事上无法提供安全感，强行要和女方离婚，并住进了把借款几十万借条撕掉的暧昧女上司房子里。（女上司多次与女方发生矛盾，有男方与女上司酒店开房说是开会，女上司嘲讽女方无法给男方提供助力等等）,男女大学相识相爱毕业就步入婚姻，男方进入金融业，女方考上了京都公务员。期间男方工资从一万慢慢涨到了两万，女方从千涨到了千。期间女方花销精打细算，有点扣搜。天降灾祸，婆婆得了癌症晚期，夫妻两把年积攒的存款全花在治疗上了，女方没有半句怨言，并且在医院身体力行照顾婆婆吃穿洗漱。矛盾来了：女方觉得癌症晚期，时日无多，存款已经清空，并且不愿意去走关系走后门搞特权，不愿借几十万来继续治疗，被男方记恨在心。事后男方借了暧昧女上司几十万来治疗。婆婆去世后双方又因万与万的墓地款爆发矛盾，虽然女方后面又借来款项购买了贵的墓地但是也被男方记了一笔。之后男方以无住房无存款有负债没条件养育孩子为由给女方下药打掉了刚怀上的孩子。后续男方以女方在各事上无法提供安全感，强行要和女方离婚，并住进了把借款几十万借条撕掉的暧昧女上司房子里。（女上司多次与女方发生矛盾，有男方与女上司酒店开房说是开会，女上司嘲讽女方无法给男方提供助力等等）,1.0,1.0,0.7499411370513901
"不绝对，但一定要考虑这方面因素。我朋友结婚后夫妻感情特别好，但她也说一定要考虑好男方农村（虽然也是村里有钱的）带来的双方家庭问题，男方的经济条件等等。
不过我哥家农村、穷、单亲，但是他妈妈直接拿钱让我嫂子花，也坚决不住一起，不帮忙养孙子（但出了意外现在在养孙女），所以还是看长辈观念吧。
我虽然独生，体制内，爸妈都有退休金，但还是穷，鞋子一双几十块钱，包一个几十块钱，出门骑着小摩托。如果几十块钱有可以穿的衣服我也不介意买，所以不要误会，城市独生女照样穷，也不会看不起农村的（农村现在超有钱好不），只是单纯觉得观念不和家庭不会和。",不绝对，但一定要考虑这方面因素。我朋友结婚后夫妻感情特别好，但她也说一定要考虑好男方农村（虽然也是村里有钱的）带来的双方家庭问题，男方的经济条件等等。 不过我哥家农村、穷、单亲，但是他妈妈直接拿钱让我嫂子花，也坚决不住一起，不帮忙养孙子（但出了意外现在在养孙女），所以还是看长辈观念吧。 我虽然独生，体制内，爸妈都有退休金，但还是穷，鞋子一双几十块钱，包一个几十块钱，出门骑着小摩托。如果几十块钱有可以穿的衣服我也不介意买，所以不要误会，城市独生女照样穷，也不会看不起农村的（农村现在超有钱好不），只是单纯觉得观念不和家庭不会和。,0.3594573740249155,1.0,0.8128765795709976
说实话不能。我朋友的老公山东农村的，她是北京朝阳的，想想差距吧，她现在后悔了，可是孩子都生了俩了，想离婚也晚了。因为喜欢走到一起，因为生活柴米油盐以及消费水平不一样，总是吵架。如果离婚一人带走一个，但是北京各种资源肯定比山东好。所以凑合过呢。男方妈妈因为身体不好，常年住医院就算回家也是住几天。[笑哭][笑哭][笑哭],说实话不能。我朋友的老公山东农村的，她是北京朝阳的，想想差距吧，她现在后悔了，可是孩子都生了俩了，想离婚也晚了。因为喜欢走到一起，因为生活柴米油盐以及消费水平不一样，总是吵架。如果离婚一人带走一个，但是北京各种资源肯定比山东好。所以凑合过呢。男方妈妈因为身体不好，常年住医院就算回家也是住几天。,0.3594573740249155,1.0,0.7054213875284228
同学干部家庭嫁个农村男生，我去随礼时是就着苍蝇吃的席，内心十分不爽。对了，女方父母国企领导，女方自己是医生，男方家里没多少地，男方没工作，有案底，没有彩礼，嫁妆和婚房自备，男方长相一般平常人，优点是会哄女孩子。不知道他们的未来怎么样，但是我知道恋爱脑真的很可怕,同学干部家庭嫁个农村男生，我去随礼时是就着苍蝇吃的席，内心十分不爽。对了，女方父母国企领导，女方自己是医生，男方家里没多少地，男方没工作，有案底，没有彩礼，嫁妆和婚房自备，男方长相一般平常人，优点是会哄女孩子。不知道他们的未来怎么样，但是我知道恋爱脑真的很可怕,0.3594573740249155,1.0,0.6660913664436021
其实吧，只要不去给社会输出焦虑，单身也好，相亲也好，都无所谓的，犯不着拱火闹男女对立，女方坚持自己是天价宠儿，那就随她，最后是否孤独终老也是她自己的事，男方不娶，坚持减少经济压力也无可厚非，生活嘛，不辜负自己的人生就可以了！,其实吧，只要不去给社会输出焦虑，单身也好，相亲也好，都无所谓的，犯不着拱火闹男女对立，女方坚持自己是天价宠儿，那就随她，最后是否孤独终老也是她自己的事，男方不娶，坚持减少经济压力也无可厚非，生活嘛，不辜负自己的人生就可以了！,0.3594573740249155,1.0,0.6896449358647373
彩礼其实是男多女少的环境博弈出来的，就算是炒也是男方互相竞争炒高的~[吃瓜],彩礼其实是男多女少的环境博弈出来的，就算是炒也是男方互相竞争炒高的~,0.3594573740249155,0.4320558161628193,0.343364449203032
"女方几千工资，用lv，几千的护肤品。钱哪来的。全是父母给的么，要弄清楚。
因为看视频里说的，女方还透支，还要男方还，证明不都是管父母要的。

再者，这种消费水平，怎么会跟你月薪一万多的在一起。因为男方肯定养不起啊。
结合男方提过结婚，女方不肯，还拿算命来敷衍。
明显是玩男方，当个饭票而已",女方几千工资，用lv，几千的护肤品。钱哪来的。全是父母给的么，要弄清楚。 因为看视频里说的，女方还透支，还要男方还，证明不都是管父母要的。 再者，这种消费水平，怎么会跟你月薪一万多的在一起。因为男方肯定养不起啊。 结合男方提过结婚，女方不肯，还拿算命来敷衍。 明显是玩男方，当个饭票而已,0.3594573740249155,1.0,0.7326071121143097
城里的也不想找啊，现在很多结婚就是奔着捞来的，一结一离，半套房子，很多男方是吃不消的[呲牙]。所以是游戏不好玩？还是电影不好看？还是说工作太轻松？懂了，996还是轻了，都007将好了[doge],城里的也不想找啊，现在很多结婚就是奔着捞来的，一结一离，半套房子，很多男方是吃不消的。所以是游戏不好玩？还是电影不好看？还是说工作太轻松？懂了，还是轻了，都将好了,0.3594573740249155,1.0,0.7204621397177357
结婚保证不了男方的任何东西   反倒是女方赚的盆满钵满    不婚是进化  对制度的无言,结婚保证不了男方的任何东西 反倒是女方赚的盆满钵满 不婚是进化 对制度的无言,0.0,1.0,0.5480669154069838
我觉得吧，只要不生孩子。女方出多少嫁妆，男方出多少彩礼的情况（没有房没有车）不就很公平。共同买房，平均承担房贷。平常的生日纪念日什么的商量着来，想过就过，不想拉倒。这样也挺好的啊,我觉得吧，只要不生孩子。女方出多少嫁妆，男方出多少彩礼的情况（没有房没有车）不就很公平。共同买房，平均承担房贷。平常的生日纪念日什么的商量着来，想过就过，不想拉倒。这样也挺好的啊,0.3594573740249155,1.0,0.6787733680967509
不是，同专业，男方学校好点，女方的收入是男方的三倍？？？他们的工资到手多少？？？,不是，同专业，男方学校好点，女方的收入是男方的三倍？？？他们的工资到手多少？？？,0.40159477065724175,0.33622659986374615,0.2846580011670898
说的太好了，看完立马发给爸妈看，感觉他们那一代人跟我们不一样，他们总觉得应该男方出钱，我就很不能理解[捂脸][捂脸],说的太好了，看完立马发给爸妈看，感觉他们那一代人跟我们不一样，他们总觉得应该男方出钱，我就很不能理解,0.3594573740249155,0.33622659986374615,0.31675645225924065
有一说一，女方经济好管男方什么事情？有几个女的愿意给男方花钱？,有一说一，女方经济好管男方什么事情？有几个女的愿意给男方花钱？,0.0,0.4320558161628193,0.44162865942050233
昨天刚刚考完婚姻家庭法，老师开头的新闻让我想起书上的一个判例：男女同居，准备半年之后结婚，男赠给女方大约三百多万的聘礼+财物，女方也给男方转账各种五万二八千八等金额，加起来一百四十万，后来双方闹矛盾分手，男的把女的告上法庭要求返还。二审认定男方所赠财物是附条件赠与，未登记结婚所以判决女方返还，而女方所赠财物系普通赠与，男方不用返还。女方也曾主张自己的赠与是以缔结婚姻为目的，但是没有得到法院采信，理由是没有女方向男方支付聘礼的习俗。所以提醒各位，恋爱期间不要有大额经济往来，钱不是最重要的，对方经济能力不是那么差那么不对等就好，结婚要看人品看责任感吖,昨天刚刚考完婚姻家庭法，老师开头的新闻让我想起书上的一个判例：男女同居，准备半年之后结婚，男赠给女方大约三百多万的聘礼+财物，女方也给男方转账各种五万二八千八等金额，加起来一百四十万，后来双方闹矛盾分手，男的把女的告上法庭要求返还。二审认定男方所赠财物是附条件赠与，未登记结婚所以判决女方返还，而女方所赠财物系普通赠与，男方不用返还。女方也曾主张自己的赠与是以缔结婚姻为目的，但是没有得到法院采信，理由是没有女方向男方支付聘礼的习俗。所以提醒各位，恋爱期间不要有大额经济往来，钱不是最重要的，对方经济能力不是那么差那么不对等就好，结婚要看人品看责任感吖,0.3594573740249155,1.0,0.8198465812610993
如果女方明确表示彩礼不会要，会陪嫁回来，男方还抠抠唧唧的，就说明男方家里有小心思，这样的家庭不可取，以后不会把女方当家里人。要是女方要彩礼就是为了补贴家里，那男方不愿意也没啥好批判的。,如果女方明确表示彩礼不会要，会陪嫁回来，男方还抠抠唧唧的，就说明男方家里有小心思，这样的家庭不可取，以后不会把女方当家里人。要是女方要彩礼就是为了补贴家里，那男方不愿意也没啥好批判的。,0.3594573740249155,1.0,0.7281629159717468
"我结婚是不要彩礼的，但是也没什么嫁妆。名下有房车，无贷款，纯婚前财产，立遗嘱只有父母和孩子有份，不关男方的事。
我的要求是不娶不嫁。只是组成个小家庭，不存在对男方家庭的依附和所属。男人不做一家之主，我也不做传统意义的贤妻良母。我需要的不是感性的爱情亲情，需要的只是个理性上负责并且忠贞的终身事业合作伙伴。
生孩子会有损失，并且不可避免，所以男方必须亲身或者经济上承担起照顾孩子3岁前的主要任务和家庭开销。别说什么做不到，我妈脾气特别暴躁没耐心，我就是我爹边上班边带大的。不出钱还不出力的滚蛋不配拥有家庭和后代。",我结婚是不要彩礼的，但是也没什么嫁妆。名下有房车，无贷款，纯婚前财产，立遗嘱只有父母和孩子有份，不关男方的事。 我的要求是不娶不嫁。只是组成个小家庭，不存在对男方家庭的依附和所属。男人不做一家之主，我也不做传统意义的贤妻良母。我需要的不是感性的爱情亲情，需要的只是个理性上负责并且忠贞的终身事业合作伙伴。 生孩子会有损失，并且不可避免，所以男方必须亲身或者经济上承担起照顾孩子岁前的主要任务和家庭开销。别说什么做不到，我妈脾气特别暴躁没耐心，我就是我爹边上班边带大的。不出钱还不出力的滚蛋不配拥有家庭和后代。,0.3594573740249155,1.0,0.8666650591908882
我们风俗是彩礼加进嫁妆，翻一翻给女方带过去。但是这笔钱是女方私产，属于婚前财产。只有买房或者换房的时候才会拿出来，让女方可以名正言顺署名，其实就是女方父母为保证女方利益的一种手段。男方不出轨不离婚，这笔钱迟早用在小家庭上，但是男方要是出轨离婚女方也不至于光棍离场。毕竟在离婚这种事情女方总是吃亏些的！[OK]反正小家庭好好的，男方和女方和和睦睦，男方只赚不赔。,我们风俗是彩礼加进嫁妆，翻一翻给女方带过去。但是这笔钱是女方私产，属于婚前财产。只有买房或者换房的时候才会拿出来，让女方可以名正言顺署名，其实就是女方父母为保证女方利益的一种手段。男方不出轨不离婚，这笔钱迟早用在小家庭上，但是男方要是出轨离婚女方也不至于光棍离场。毕竟在离婚这种事情女方总是吃亏些的！反正小家庭好好的，男方和女方和和睦睦，男方只赚不赔。,0.3594573740249155,1.0,0.6551170051628554
为什么你的父母给你的钱是你的钱，男方父母给男方买的房子就必须加你的名字？你要是怕离婚分不到房产你可以把首付和婚后还款都和男方平均不就行了？你总想着离婚分钱那还过什么日子，别结婚就行。,为什么你的父母给你的钱是你的钱，男方父母给男方买的房子就必须加你的名字？你要是怕离婚分不到房产你可以把首付和婚后还款都和男方平均不就行了？你总想着离婚分钱那还过什么日子，别结婚就行。,0.3594573740249155,1.0,0.7482234575348297
"好家伙
彩礼是女方的
嫁妆也是女方的
男方婚前买房也是女方的
真棒",好家伙 彩礼是女方的 嫁妆也是女方的 男方婚前买房也是女方的 真棒,0.3594573740249155,1.0,0.5350014492518597
如果房子是男方婚前买的，首付是男方父母那边帮忙一起付的，房产证上也只写了男方一个人的名字，后来男方结婚了，贷款夫妻共同还，贷款部分每月是从男方银行卡里扣，而女方的钱几乎都拿去贴补家用。像这样如果离婚，那那房子怎么判呢？如果要出资证明，可女方的钱都拿去贴补家用了，几乎是开不到出资证明的，又该如何处理呢？,如果房子是男方婚前买的，首付是男方父母那边帮忙一起付的，房产证上也只写了男方一个人的名字，后来男方结婚了，贷款夫妻共同还，贷款部分每月是从男方银行卡里扣，而女方的钱几乎都拿去贴补家用。像这样如果离婚，那那房子怎么判呢？如果要出资证明，可女方的钱都拿去贴补家用了，几乎是开不到出资证明的，又该如何处理呢？,0.3594573740249155,1.0,0.7835762662880411
婚前，男女双方共同出资付首期，但是是以男方账户付款的；房产证写两人名字；还贷虽然也是共同还款，但女方把钱转入男方账户的形式来共同还贷款。 请问这种情况是不是房子只属于男方的？,婚前，男女双方共同出资付首期，但是是以男方账户付款的；房产证写两人名字；还贷虽然也是共同还款，但女方把钱转入男方账户的形式来共同还贷款。 请问这种情况是不是房子只属于男方的？,0.3594573740249155,1.0,0.6879072438637345
男方婚前全款买房，但是女方要求加名字，那婚后属不属于共同财产?,男方婚前全款买房，但是女方要求加名字，那婚后属不属于共同财产?,0.3594573740249155,1.0,0.5829196961219868
婚前男方个人全款买房，婚后加女方名字，未写份额，属于共同财产吗？,婚前男方个人全款买房，婚后加女方名字，未写份额，属于共同财产吗？,0.3594573740249155,1.0,0.5420754405572028
你好，婚前男方出了大部分钱，女方出了小部分钱，全款买了房，房产证是女方的名字，婚后这套房怎么算,你好，婚前男方出了大部分钱，女方出了小部分钱，全款买了房，房产证是女方的名字，婚后这套房怎么算,0.3594573740249155,1.0,0.5442749238127469
婚后买房直接登孩子名下，离婚后孩子归女方，男方离婚后还能分到财产吗？,婚后买房直接登孩子名下，离婚后孩子归女方，男方离婚后还能分到财产吗？,0.3594573740249155,1.0,0.6356620441806913
男性结婚真的是既得利益者吗？结婚真的对男性有好处吗？有人说，结婚后男方就不用担心家庭的事了，可以在事业上更近一步。可是为什么呢？事业更进一步，对男性真的好吗？压力不是也更进一步。男方在事业上产生的财富不也用到家庭中吗？这算利益吗？没有女方在家庭中付出，男方就不可能在事业上取得成功吗？要是对的，为什么女方可以在没有男方解决家庭事物的条件下成功？,男性结婚真的是既得利益者吗？结婚真的对男性有好处吗？有人说，结婚后男方就不用担心家庭的事了，可以在事业上更近一步。可是为什么呢？事业更进一步，对男性真的好吗？压力不是也更进一步。男方在事业上产生的财富不也用到家庭中吗？这算利益吗？没有女方在家庭中付出，男方就不可能在事业上取得成功吗？要是对的，为什么女方可以在没有男方解决家庭事物的条件下成功？,0.3594573740249155,1.0,0.7600801849839895
说彩礼嫁妆是新家启动资金的，那不是应该男方家给到男方，女方家给到女方，给到女方算怎么回事？开公用账户一起用才对啊？,说彩礼嫁妆是新家启动资金的，那不是应该男方家给到男方，女方家给到女方，给到女方算怎么回事？开公用账户一起用才对啊？,0.3594573740249155,1.0,0.5677246216272476
"女方：我不贪你的钱，我就要你给一个态度。
男方：那行，我出50万，以你的名义捐给希望小学。
女方：去你*的",女方：我不贪你的钱，我就要你给一个态度。 男方：那行，我出万，以你的名义捐给希望小学。 女方：去你*的,0.40159477065724175,1.0,0.546220758727805
当男方不舍得十万彩礼的时候，女方已经开始买房了。反正我身边好些女的都已经自己买房了。,当男方不舍得十万彩礼的时候，女方已经开始买房了。反正我身边好些女的都已经自己买房了。,0.3594573740249155,1.0,0.5882071749239318
彩礼38.8拿来还自己的房贷，男方的房子加自己的名字  经典相亲 变搞钱,彩礼.拿来还自己的房贷，男方的房子加自己的名字 经典相亲 变搞钱,0.3594573740249155,1.0,0.6765587027700427
首先爱情和婚姻本质上是不同的，爱情你情我愿，无关物质，而婚姻是未来几十年的生活，而生活就是财米油盐就是物质，婚姻里最基本的就是物质，其次恋爱同居就有了性和感情，为什么男方家父母还要出房车彩礼娶？因为恋爱不会有家庭和孩子，也就是在婚姻里女方付出生育代价和养育精力是客观存在的事实，而且在付出后还得不到冠姓权在内嫁娶权益，这时候男方就要付出房车彩礼的物质保障，说白了，男方如果不要女方付出生育代价和养育精力，自然就可以不用结婚，也不用付出房车彩礼等成本，说白了很多男的想双标占便宜，问题是这年头没有傻子的，所以女方家父母为了避免条件差的男的吃亏，直接不给条件差的男的机会，看不上他们，直接解决问题[吃瓜],首先爱情和婚姻本质上是不同的，爱情你情我愿，无关物质，而婚姻是未来几十年的生活，而生活就是财米油盐就是物质，婚姻里最基本的就是物质，其次恋爱同居就有了性和感情，为什么男方家父母还要出房车彩礼娶？因为恋爱不会有家庭和孩子，也就是在婚姻里女方付出生育代价和养育精力是客观存在的事实，而且在付出后还得不到冠姓权在内嫁娶权益，这时候男方就要付出房车彩礼的物质保障，说白了，男方如果不要女方付出生育代价和养育精力，自然就可以不用结婚，也不用付出房车彩礼等成本，说白了很多男的想双标占便宜，问题是这年头没有傻子的，所以女方家父母为了避免条件差的男的吃亏，直接不给条件差的男的机会，看不上他们，直接解决问题,0.3594573740249155,1.0,0.8442471828892322
那也是就是说 把债务用作婚后生活 就可以把女方和男方绑在一条船上 女方就不会轻易的离婚 天长地久 白头偕老,那也是就是说 把债务用作婚后生活 就可以把女方和男方绑在一条船上 女方就不会轻易的离婚 天长地久 白头偕老,0.3594573740249155,1.0,0.625409613958902
"彩礼是一种传统，封建社会，女方嫁入男方家，为男方家侍奉父母，生儿育女，传宗接代，操持家务，男方家给女方彩礼是对女方家的一种补偿，也是一种尊重。
现在大城市在这方面的习俗有变化，但孩子一般还是随父姓，女方为男方家生儿育女传宗接代这一条没怎么变，所以保留彩礼这个习俗是有道理的，要求嫁妆与彩礼等值没有道理。骂彩礼是陋习的一般是男方，但如果让他嫁入女方家，他收彩礼，让孩子随母姓，男方家一般又不愿意，他也不会承认孩子随父姓是陋习，反而说是传统。
如此而已，都是站在自身的立场。",彩礼是一种传统，封建社会，女方嫁入男方家，为男方家侍奉父母，生儿育女，传宗接代，操持家务，男方家给女方彩礼是对女方家的一种补偿，也是一种尊重。 现在大城市在这方面的习俗有变化，但孩子一般还是随父姓，女方为男方家生儿育女传宗接代这一条没怎么变，所以保留彩礼这个习俗是有道理的，要求嫁妆与彩礼等值没有道理。骂彩礼是陋习的一般是男方，但如果让他嫁入女方家，他收彩礼，让孩子随母姓，男方家一般又不愿意，他也不会承认孩子随父姓是陋习，反而说是传统。 如此而已，都是站在自身的立场。,0.3594573740249155,1.0,0.6740827217092131
挺理想化的。我自己没有要彩礼我因为我是独生女家庭条件还可以，但是我不会建议别人这样，尤其是有生孩子打算的女性。从已婚开始找工作就不可避免的会受到影响，怀孕期间万一身体不允许需要辞职保胎，收入怎么办？生完孩子没人能帮你带的话，没收入期间怎么办？只能依靠男方的良心和人品，一定能靠得住吗？,挺理想化的。我自己没有要彩礼我因为我是独生女家庭条件还可以，但是我不会建议别人这样，尤其是有生孩子打算的女性。从已婚开始找工作就不可避免的会受到影响，怀孕期间万一身体不允许需要辞职保胎，收入怎么办？生完孩子没人能帮你带的话，没收入期间怎么办？只能依靠男方的良心和人品，一定能靠得住吗？,0.3594573740249155,1.0,0.73537707457739
以前男方买房子，女方受气都是收拾行李离家出走或者回娘家，委委屈屈[无语]，现在女孩子有自己房子了，男方要是不愿意买房直接婚后住女方那，吵架了，女方就可以光明正大的把他扫地出门！[再见]拜拜就拜拜，下一个会更乖！,以前男方买房子，女方受气都是收拾行李离家出走或者回娘家，委委屈屈，现在女孩子有自己房子了，男方要是不愿意买房直接婚后住女方那，吵架了，女方就可以光明正大的把他扫地出门！拜拜就拜拜，下一个会更乖！,0.3594573740249155,1.0,0.666622275827077
男方父母出首付，男方父母出装修材料的钱，女方父亲帮忙装修，女方给钱给父亲装修费。我没看出来哪里是两方父母一起支持了。[doge]虽然本人也是江西人，但我感觉这个分配不太平等。[doge][doge][doge],男方父母出首付，男方父母出装修材料的钱，女方父亲帮忙装修，女方给钱给父亲装修费。我没看出来哪里是两方父母一起支持了。虽然本人也是江西人，但我感觉这个分配不太平等。,0.3594573740249155,1.0,0.7984157433911738
这根本就不是啥灵魂伴侣啊，他们俩了解的都是对方喜欢的东西，不是对方。可以说【为什么灵魂伴侣也会变得无话可说】这句话本来就是彻底的假命题，先问是不是，再问为什么。男方女方爱的死去活来——然后不理解对方的家庭阶级，不规划未来，不帮对方承担压力和空虚，不讨论经济压力，这就是玩乐搭子一样的恋爱，根本不能算是共度人生的伴侣吧。,这根本就不是啥灵魂伴侣啊，他们俩了解的都是对方喜欢的东西，不是对方。可以说【为什么灵魂伴侣也会变得无话可说】这句话本来就是彻底的假命题，先问是不是，再问为什么。男方女方爱的死去活来——然后不理解对方的家庭阶级，不规划未来，不帮对方承担压力和空虚，不讨论经济压力，这就是玩乐搭子一样的恋爱，根本不能算是共度人生的伴侣吧。,0.3594573740249155,1.0,0.7424176236052886
男方家庭重男轻女多半不会把未来儿媳妇当成一个平等的人来看待,男方家庭重男轻女多半不会把未来儿媳妇当成一个平等的人来看待,0.3594573740249155,1.0,0.6638263110527003
我一个堂哥他老婆生了三个女儿  婆婆重男轻女还去算命 说要生满七个女儿才有儿子 现在全家怪儿媳妇说是她的问题 但凡有点文化 都知道性别取决于男方,我一个堂哥他老婆生了三个女儿 婆婆重男轻女还去算命 说要生满七个女儿才有儿子 现在全家怪儿媳妇说是她的问题 但凡有点文化 都知道性别取决于男方,0.3594573740249155,1.0,0.6360069078457227
有个疑惑，up说离婚率上涨，提出离婚的女性更多。又说女方不讲理被男方抛弃。好像逻辑有点问题。难道不是应该男方受不了女方，提出离婚吗？那种自己作死，不讲道理，容易被洗脑的人，离了婚最好。长教训。,有个疑惑，up说离婚率上涨，提出离婚的女性更多。又说女方不讲理被男方抛弃。好像逻辑有点问题。难道不是应该男方受不了女方，提出离婚吗？那种自己作死，不讲道理，容易被洗脑的人，离了婚最好。长教训。,0.3594573740249155,1.0,0.8037774176694037
"我没有过女朋友，但是和一些异性接触的经历和身边朋友的事让我有一些感受。

说个我常遇到的，不论男女我们有不同的情感需求，虽然有共通点，但男人更多的可能需要信任，女人更需要关心，但我们彼此都给予对方我们认为好的东西，这就产生了很多矛盾。

比方说，生活中男方开车如果走错路了，女的会叨叨叨，对于女方来说，可能是觉得你遇到问题了需要帮助，她想表示关心，而男方就会觉得你是不是觉得我没有解决问题的能力，你是不是不相信我。
再比如，男方自己可能这顿饭不想吃，他就不吃了，随便垫两口，因为觉得也没什么大不了的，所以女方说不想吃的时候，就真的认为对方不想吃，于是就不管了，忽略了女方需要关心，然后导致矛盾。但反过来也是一样，对女方而言可能好好吃饭是一件很重要的事，所以男方说不想吃的时候依然会让男方吃，自己或许是关心，但在男方来看这就是控制。

这样的事情尤其在情侣中有很多，实际上在我见到的地方中，男性尝试沟通的会多一些，但是沟通的方式有问题，这就导致了矛盾产生时男的好像一直在讲道理，但女方陷在情绪中，最终男方妥协。但这种妥协会导致以后出现相同的问题，女方越来越意识不到自己的问题，男方因为一直妥协而生气，一生气就想自己待着，一自己待着反而又让女方觉得不关心。

就像马老师说的我们需要沟通。我们应当把力气放在正确的方向上。对于女生而言，嫌弃男生哪里做的不好，那就要把具体的情况说出来，而不是自己不说话让对方猜，当然也可以不说，但自己要承担后面的代价。对于男生而言，沟通要挑合适的时机，尽量不要在女方情绪化的时候沟通，沟通无果，对方就是不做，就是只想让你做，那就没必要妥协，如果非要妥协，就得自己承担女方未来变本加厉的代价。",我没有过女朋友，但是和一些异性接触的经历和身边朋友的事让我有一些感受。 说个我常遇到的，不论男女我们有不同的情感需求，虽然有共通点，但男人更多的可能需要信任，女人更需要关心，但我们彼此都给予对方我们认为好的东西，这就产生了很多矛盾。 比方说，生活中男方开车如果走错路了，女的会叨叨叨，对于女方来说，可能是觉得你遇到问题了需要帮助，她想表示关心，而男方就会觉得你是不是觉得我没有解决问题的能力，你是不是不相信我。 再比如，男方自己可能这顿饭不想吃，他就不吃了，随便垫两口，因为觉得也没什么大不了的，所以女方说不想吃的时候，就真的认为对方不想吃，于是就不管了，忽略了女方需要关心，然后导致矛盾。但反过来也是一样，对女方而言可能好好吃饭是一件很重要的事，所以男方说不想吃的时候依然会让男方吃，自己或许是关心，但在男方来看这就是控制。 这样的事情尤其在情侣中有很多，实际上在我见到的地方中，男性尝试沟通的会多一些，但是沟通的方式有问题，这就导致了矛盾产生时男的好像一直在讲道理，但女方陷在情绪中，最终男方妥协。但这种妥协会导致以后出现相同的问题，女方越来越意识不到自己的问题，男方因为一直妥协而生气，一生气就想自己待着，一自己待着反而又让女方觉得不关心。 就像马老师说的我们需要沟通。我们应当把力气放在正确的方向上。对于女生而言，嫌弃男生哪里做的不好，那就要把具体的情况说出来，而不是自己不说话让对方猜，当然也可以不说，但自己要承担后面的代价。对于男生而言，沟通要挑合适的时机，尽量不要在女方情绪化的时候沟通，沟通无果，对方就是不做，就是只想让你做，那就没必要妥协，如果非要妥协，就得自己承担女方未来变本加厉的代价。,0.3594573740249155,1.0,0.9434435872535931
在视频中，当提到男方父母比女方父母更爱干涉小家庭，容易导致感情破裂时，有一个弹幕说，毕竟是花了彩礼的，这句话让我特别生气。那是不是女生花几万块钱给男方，就能无条件不尊重他，使唤他，让他生娃？如果这样的话成立，那我愿意给男方钱。给个几万十几万，就能买断所有权，有娃，有冠姓权，有保姆，有陪睡，父母还不用受气。这比花钱找家政，出去约，找d孕划算太多了。有的男人理由总是那么多，不要彩礼，说你好骗省钱，要了彩礼又说买断其人权。这种人我祝福早点die,在视频中，当提到男方父母比女方父母更爱干涉小家庭，容易导致感情破裂时，有一个弹幕说，毕竟是花了彩礼的，这句话让我特别生气。那是不是女生花几万块钱给男方，就能无条件不尊重他，使唤他，让他生娃？如果这样的话成立，那我愿意给男方钱。给个几万十几万，就能买断所有权，有娃，有冠姓权，有保姆，有陪睡，父母还不用受气。这比花钱找家政，出去约，找d孕划算太多了。有的男人理由总是那么多，不要彩礼，说你好骗省钱，要了彩礼又说买断其人权。这种人我祝福早点die,0.7361487306815024,1.0,0.8966621793226401
"故事的后续很可能就是：
男方分手后找了个本地姑娘结婚了
女方分手后按照前男友的标准去找男朋友，却发现一个不如一个，然后打开微博小红书开启小作文“家人们谁懂啊，现在相亲的这些男人真下头”，熟悉的味道一下就上来了[脱单doge]",故事的后续很可能就是： 男方分手后找了个本地姑娘结婚了 女方分手后按照前男友的标准去找男朋友，却发现一个不如一个，然后打开微博小红书开启小作文“家人们谁懂啊，现在相亲的这些男人真下头”，熟悉的味道一下就上来了,0.3594573740249155,1.0,0.674312952363456
两人还没结婚，就能说你的就是我的，大概率婚后女方的钱也不会用到家庭里。女方父母说社会地位之类的没有我高，可这些也不能给男方提供价值。男方有一套待拆迁的，有一套可以卖了做首付的，还有一套学区房，完全不需要女方出钱买房子。女方出一百万想买一套500万的把父母接过来，就是想用男方的钱来实现供养自己父母的目的。,两人还没结婚，就能说你的就是我的，大概率婚后女方的钱也不会用到家庭里。女方父母说社会地位之类的没有我高，可这些也不能给男方提供价值。男方有一套待拆迁的，有一套可以卖了做首付的，还有一套学区房，完全不需要女方出钱买房子。女方出一百万想买一套万的把父母接过来，就是想用男方的钱来实现供养自己父母的目的。,0.3594573740249155,1.0,0.7009604262756023
好多独生女家庭恨不得能自己给聘礼，女儿不用离家到男方生活，将来孩子和女方姓[doge]可惜入赘遭受的社会压力和变数太大。出嫁时嫁妆也会希望势均力敌甚至略高一点，展示一下实力，方便有底气好和男方谈条件，将来二胎和女方姓，将来给女方父母一起生活养老。,好多独生女家庭恨不得能自己给聘礼，女儿不用离家到男方生活，将来孩子和女方姓可惜入赘遭受的社会压力和变数太大。出嫁时嫁妆也会希望势均力敌甚至略高一点，展示一下实力，方便有底气好和男方谈条件，将来二胎和女方姓，将来给女方父母一起生活养老。,0.3594573740249155,1.0,0.6488063378742565
"要真讲传统，女方那边要给嫁妆，一般得要给彩礼一倍，好人家要给彩礼的两倍，男方比女方优秀的，可以不给彩礼，女方需要倒贴嫁妆。彩礼归于女方父母，男方不必给女方父母养老。嫁妆归于女方个人，男方无权动用。但要是分手了，或者婚姻感情破裂了，女方是要还给男方彩礼钱的。

既然要接轨和弘扬优秀传统文化，这个轨，仙女们怎么不接呢？",要真讲传统，女方那边要给嫁妆，一般得要给彩礼一倍，好人家要给彩礼的两倍，男方比女方优秀的，可以不给彩礼，女方需要倒贴嫁妆。彩礼归于女方父母，男方不必给女方父母养老。嫁妆归于女方个人，男方无权动用。但要是分手了，或者婚姻感情破裂了，女方是要还给男方彩礼钱的。 既然要接轨和弘扬优秀传统文化，这个轨，仙女们怎么不接呢？,0.3594573740249155,1.0,0.6372673986035594
感觉男方家会是个大坑，男方还有一个同岁的弟弟，弟弟也是到了适婚年龄，哥哥结婚都掏空整个家了，弟弟结婚不可能一分不出吧，以后肯定有的闹的，唉，一地鸡毛,感觉男方家会是个大坑，男方还有一个同岁的弟弟，弟弟也是到了适婚年龄，哥哥结婚都掏空整个家了，弟弟结婚不可能一分不出吧，以后肯定有的闹的，唉，一地鸡毛,0.3594573740249155,1.0,0.5804766416161345
猜一下，女方可能觉得男方家里是留了钱给弟弟的能拿的出装修钱，可能男方也给女方一种“我家还有钱”的感觉，这个装修钱女方大概率不想出的，从这个男的言语中感觉他也不想留钱给弟弟，所以两个人十年时间终究还是磨合成了精明的一家人，这才是两口子[doge]想法很一致建议锁死。实在不行双方家长谈判一下吧[吃瓜],猜一下，女方可能觉得男方家里是留了钱给弟弟的能拿的出装修钱，可能男方也给女方一种“我家还有钱”的感觉，这个装修钱女方大概率不想出的，从这个男的言语中感觉他也不想留钱给弟弟，所以两个人十年时间终究还是磨合成了精明的一家人，这才是两口子想法很一致建议锁死。实在不行双方家长谈判一下吧,0.3594573740249155,1.0,0.6982762621920519
我很认同里面的现象，但是解决办法是男人不要太有责任感是不是太抽象了?这不是只要女方要求不高过男方能力，把需求说明白就能完美的婚姻状态吗?[笑哭],我很认同里面的现象，但是解决办法是男人不要太有责任感是不是太抽象了?这不是只要女方要求不高过男方能力，把需求说明白就能完美的婚姻状态吗?,0.3594573740249155,1.0,0.8403169980680256
男方现在结婚成本太高了,男方现在结婚成本太高了,0.0,1.0,0.6856416121831936
只要一结婚，男方几乎所有有价值的东西都会处于女方的控制之下，所以这种只关注物质条件的女性，都不适合长期相伴，所有关注感情和家庭的男性，能尽量离这样的女性远一些，是最好的。,只要一结婚，男方几乎所有有价值的东西都会处于女方的控制之下，所以这种只关注物质条件的女性，都不适合长期相伴，所有关注感情和家庭的男性，能尽量离这样的女性远一些，是最好的。,0.40159477065724175,1.0,0.7501695893298241
上一段感情很失败，男方拼了命的介入我的工作，干什么都要报备，真的很累，好像我是他的附属品似的，大半夜夺命连环call，真的会死[脱单doge]现在双手插兜谁也不爱，心情都变好了,上一段感情很失败，男方拼了命的介入我的工作，干什么都要报备，真的很累，好像我是他的附属品似的，大半夜夺命连环call，真的会死现在双手插兜谁也不爱，心情都变好了,0.3594573740249155,1.0,0.639057936305151
"看到一半，给大家省流：男方老实，但懒，很爱玩游戏；谈婚论嫁才知道男方家境较差。
另一半我不想看了，这种不上进的人为啥能有女朋友[辣眼睛][辣眼睛][辣眼睛]",看到一半，给大家省流：男方老实，但懒，很爱玩游戏；谈婚论嫁才知道男方家境较差。 另一半我不想看了，这种不上进的人为啥能有女朋友,0.3594573740249155,1.0,0.6944229655752104
快跑，三观不合走不长久的。男方没上进心，这样女方一个人努力奋斗拉扯这个家会很累。,快跑，三观不合走不长久的。男方没上进心，这样女方一个人努力奋斗拉扯这个家会很累。,0.3594573740249155,1.0,0.6724537369817837
我觉得应该是说发生性关系后，如果女方床上功夫比较好的，能满足这个男的需求的。分手后要注意安全，因为男方会产生报复心理。如果没发生过关系的，这种情况就少,我觉得应该是说发生性关系后，如果女方床上功夫比较好的，能满足这个男的需求的。分手后要注意安全，因为男方会产生报复心理。如果没发生过关系的，这种情况就少,0.0,1.0,0.7059170093898619
"性别互换，男方婚前有房呢？[笑哭]
我遇到了我一个哥们，自己有一套89平的套二，准备扯证了，未来丈母娘死活让卖了重新按揭，写两个人的名字。还要换套三，说是以后需要帮忙带孩子方便过来，然后首付剩下的让买个车，给女方，以后上下班接送孩子上学放学都方便。。太难了。",性别互换，男方婚前有房呢？ 我遇到了我一个哥们，自己有一套平的套二，准备扯证了，未来丈母娘死活让卖了重新按揭，写两个人的名字。还要换套三，说是以后需要帮忙带孩子方便过来，然后首付剩下的让买个车，给女方，以后上下班接送孩子上学放学都方便。。太难了。,0.3594573740249155,1.0,0.6781128010537882
男方不可以婚前买吗，既然女方有自己的，都是一家人的时候其实没那么在乎到底住在谁名下的房子里，男方买一整家人住的房子，可能会稍微房贷多一点，那女方生活上稍微多花一点就可以了，毕竟结婚了就是一体的了，生活上应该没那么多计较，即使离了之后也各有各的住处不是挺合理的[脸红],男方不可以婚前买吗，既然女方有自己的，都是一家人的时候其实没那么在乎到底住在谁名下的房子里，男方买一整家人住的房子，可能会稍微房贷多一点，那女方生活上稍微多花一点就可以了，毕竟结婚了就是一体的了，生活上应该没那么多计较，即使离了之后也各有各的住处不是挺合理的,0.3594573740249155,1.0,0.7785919246360695
"反对天价彩礼，不反对彩礼。
坐标葱省，女人不能上桌的葱省[妙啊]以我的经历来看，彩礼很必要，有助于小家庭和谐，但天价的对双方都是负担。
镇上的表哥前些年结婚，男方出房子，三层小楼与父母同住。结婚的彩礼我嫂子自己留着，后来变成了他俩开店的启动资金，赚了钱后我哥又把钱给我嫂子。小侄女幼儿园，小侄子刚断奶，父母帮忙看孩子，有自己的事业，很幸福。
城市的大多是男方出首付，俩人一起还房贷，女方陪嫁车。彩礼女方自己留着。
如果无彩礼，只有陪嫁，参考印度现状；无彩礼，无陪嫁，小家庭没有丝丝抗风险能力；有彩礼，无陪嫁，榨干男方父母。
非独家庭不了解，农村家庭不了解，欢迎补充。",反对天价彩礼，不反对彩礼。 坐标葱省，女人不能上桌的葱省以我的经历来看，彩礼很必要，有助于小家庭和谐，但天价的对双方都是负担。 镇上的表哥前些年结婚，男方出房子，三层小楼与父母同住。结婚的彩礼我嫂子自己留着，后来变成了他俩开店的启动资金，赚了钱后我哥又把钱给我嫂子。小侄女幼儿园，小侄子刚断奶，父母帮忙看孩子，有自己的事业，很幸福。 城市的大多是男方出首付，俩人一起还房贷，女方陪嫁车。彩礼女方自己留着。 如果无彩礼，只有陪嫁，参考印度现状；无彩礼，无陪嫁，小家庭没有丝丝抗风险能力；有彩礼，无陪嫁，榨干男方父母。 非独家庭不了解，农村家庭不了解，欢迎补充。,0.3594573740249155,1.0,0.737540449486624
"这年头男的是喝风长大的么，结个婚嫁妆彩礼都是女的，房子车子要买，一年后离婚彩礼就退不出来了张嘴闭嘴彩礼而没有几个说嫁妆。嫁妆是封建陋习，而彩礼就是心安理得，离婚了财产还要分你一半。结个婚张嘴几十万就跟卖女一样，还高喊男女平等。
       相个亲，好多女的明明自己啥也没有，月工资不到3000，张嘴闭嘴彩礼要多少，车子要好大。男的要高要帅要有钱还要工资上交还要能受气。最后你什么都接受了，娶回来了，嘿！同房还得经过她同意，不然就是违背妇女意愿，最后孩子还不一定是你的。离婚了不管男女对错，统一是男方的错。男方被戴了帽子，只要没被男方发现，那么对方比你都歪。被发现只会转移话题，你跟踪我？上了电视，节目组的统一就是你要原谅她嘛，就因为你是男的。
        结婚了还要天天受气，抖音里天天毒鸡汤女人要怎么怎么公主，男人要怎么怎么受气才叫爱老婆。明显这个社会是男人受气多，明明女性地位纵观算周围全世界已经是最高了，确还在强调加强女性保护法，女性碰一下叫呗骚扰，男性呗碰一下叫你小子得了便宜别卖乖。
   明明把男方当牛当马当傻子使，你出去努力工作挣钱，说你不陪她她。你要是多陪她了，又说你不够上进。跟穷人谈钱，跟有钱人谈感情。好处都要占。
     有好处的时候女士优先，干活的时候你一个大男人好意思跟女的计较？
  女性地位那么高，很多普通家庭男的就跟孙子一样，两个人生下的孩子，爹不一定是亲爹，妈一定是亲妈。如果你要说孩子是无辜的，要帮别人养？那我可以帮你。少点键盘侠好么。？
  只要你敢说传宗接代，就会被社会教育说是封建思想。抱歉现在我不传宗接代不封建思想了。一人吃饱，全家不饿。
     就这奇葩社会，结婚率能高的起来那真是怪事了。
最后说一句，我就是单身狗一个人吃饱全家不饿。这些祖宗供不起。我看还是结婚率太高了，惹不起我躲得起总行了吧？",这年头男的是喝风长大的么，结个婚嫁妆彩礼都是女的，房子车子要买，一年后离婚彩礼就退不出来了张嘴闭嘴彩礼而没有几个说嫁妆。嫁妆是封建陋习，而彩礼就是心安理得，离婚了财产还要分你一半。结个婚张嘴几十万就跟卖女一样，还高喊男女平等。 相个亲，好多女的明明自己啥也没有，月工资不到，张嘴闭嘴彩礼要多少，车子要好大。男的要高要帅要有钱还要工资上交还要能受气。最后你什么都接受了，娶回来了，嘿！同房还得经过她同意，不然就是违背妇女意愿，最后孩子还不一定是你的。离婚了不管男女对错，统一是男方的错。男方被戴了帽子，只要没被男方发现，那么对方比你都歪。被发现只会转移话题，你跟踪我？上了电视，节目组的统一就是你要原谅她嘛，就因为你是男的。 结婚了还要天天受气，抖音里天天毒鸡汤女人要怎么怎么公主，男人要怎么怎么受气才叫爱老婆。明显这个社会是男人受气多，明明女性地位纵观算周围全世界已经是最高了，确还在强调加强女性保护法，女性碰一下叫呗骚扰，男性呗碰一下叫你小子得了便宜别卖乖。 明明把男方当牛当马当傻子使，你出去努力工作挣钱，说你不陪她她。你要是多陪她了，又说你不够上进。跟穷人谈钱，跟有钱人谈感情。好处都要占。 有好处的时候女士优先，干活的时候你一个大男人好意思跟女的计较？ 女性地位那么高，很多普通家庭男的就跟孙子一样，两个人生下的孩子，爹不一定是亲爹，妈一定是亲妈。如果你要说孩子是无辜的，要帮别人养？那我可以帮你。少点键盘侠好么。？ 只要你敢说传宗接代，就会被社会教育说是封建思想。抱歉现在我不传宗接代不封建思想了。一人吃饱，全家不饿。 就这奇葩社会，结婚率能高的起来那真是怪事了。 最后说一句，我就是单身狗一个人吃饱全家不饿。这些祖宗供不起。我看还是结婚率太高了，惹不起我躲得起总行了吧？,0.40159477065724175,1.0,0.8254355513559766
"我觉得真没必要说这姑娘不好，她还不够好吗？
姑娘说习俗得给18万彩礼，但是我知道你家条件不太好，那就8万，8万不行5万我认了。
想在酒店办婚礼，男方说是面子工程，那就回村里，那老老实实按照村里的习俗请个歌舞团都不行吗？
恋爱四年所有的花销都是有来有往，姑娘理解男方可能怕付出太多最后还结不了婚，一直也没提过什么要求，现在马上名字在一个户口本上了还不愿意有点仪式感吗？
房子写姑娘的名字，但姑娘也不是白拿，装修家电，还陪了台15万的车，这再占便宜能便宜到哪去？
是，铂金不保值，但是不是男方自己提的要送她3w的戒指，结果扣扣搜搜买5k的，你哪怕再算计以后升值，你买个2w的也行啊。
就如果这姑娘说的都是真的，她哪里不好？她连所谓的小毛病都没有。",我觉得真没必要说这姑娘不好，她还不够好吗？ 姑娘说习俗得给万彩礼，但是我知道你家条件不太好，那就万，万不行万我认了。 想在酒店办婚礼，男方说是面子工程，那就回村里，那老老实实按照村里的习俗请个歌舞团都不行吗？ 恋爱四年所有的花销都是有来有往，姑娘理解男方可能怕付出太多最后还结不了婚，一直也没提过什么要求，现在马上名字在一个户口本上了还不愿意有点仪式感吗？ 房子写姑娘的名字，但姑娘也不是白拿，装修家电，还陪了台万的车，这再占便宜能便宜到哪去？ 是，铂金不保值，但是不是男方自己提的要送她w的戒指，结果扣扣搜搜买k的，你哪怕再算计以后升值，你买个w的也行啊。 就如果这姑娘说的都是真的，她哪里不好？她连所谓的小毛病都没有。,0.3594573740249155,1.0,0.7039212746072302
女方家经济还不错嘛，愿意出装修钱，女方陪嫁车子，还给男方买了3w的铂金戒指，女方说的婚车想布置鲜花，不过分，结婚用塑料花的寓意不好，鲜花也不贵，但是3w的铂金钻戒，真的没用，还不如买一万的黄金首饰，你觉得男方给你买5k的金戒指太便宜了（男方是有心眼子的，说给女方买3w的，现场却买5k的，我不看好这男的，因为他说的和做的不统一，也没有多喜欢你，不过他家境一般，就不能强求，又愿意房子加你名字，所以你俩搭配也挺合适），你俩可以谈谈，把自己的想法好好说说，婚车用鲜花，铂金不要啦，或加金耳环或者金项链，反正我结婚时的金首饰，他不愿意再花钱的话，你就把送给他的那戒指3w铂金戒指卖掉了，再买金的给你自己，多简单嘛，婚后我都卖了，全买排骨炖了吃[脱单doge]嘎嘎香，这首饰钱能换一年的材米油盐酱醋茶呢,女方家经济还不错嘛，愿意出装修钱，女方陪嫁车子，还给男方买了w的铂金戒指，女方说的婚车想布置鲜花，不过分，结婚用塑料花的寓意不好，鲜花也不贵，但是w的铂金钻戒，真的没用，还不如买一万的黄金首饰，你觉得男方给你买k的金戒指太便宜了（男方是有心眼子的，说给女方买w的，现场却买k的，我不看好这男的，因为他说的和做的不统一，也没有多喜欢你，不过他家境一般，就不能强求，又愿意房子加你名字，所以你俩搭配也挺合适），你俩可以谈谈，把自己的想法好好说说，婚车用鲜花，铂金不要啦，或加金耳环或者金项链，反正我结婚时的金首饰，他不愿意再花钱的话，你就把送给他的那戒指w铂金戒指卖掉了，再买金的给你自己，多简单嘛，婚后我都卖了，全买排骨炖了吃嘎嘎香，这首饰钱能换一年的材米油盐酱醋茶呢,1.0,1.0,0.8117567568531634
"这种男的太典型了，就是很清楚自己在择偶市场里的弱处所以隐瞒就为了先下手先相处，赌女生得知后心软，全程主打一个拖字，我跟你说，如果不是女方自己发现，男方是永远不可能说的。
本来如果得知条件不合适，根本不可能开始，所以隐瞒就扩宽了人选范围，从一开始就有了算计。
而这个事严重的地方，是这个男的人品有问题，他一开始就这样，就代表可能婚姻里有什么事也会隐瞒，这根本过不了日子。你说这种事是不是刚需，就跟问婚姻里人品这点是不是刚需一样，人品这东西是无法一眼看出来，如果早能知道对方人品不好你还去结，那也是真的勇士了。[笑哭]
我有个闺蜜就是上海本地人自身比较不计较想找个性格文静的，遇到一个外地打工的一个月五六千，女的要求一边出一半钱买房，男的不同意，那女的说让男的入赘，男的不愿意，就拖，拖了六七年，到现在女的快三十了还不结婚。然后慢慢的从男方那里能感受到一个态度：你都快三十了还讲究啥？[doge][doge][doge][doge][doge]",这种男的太典型了，就是很清楚自己在择偶市场里的弱处所以隐瞒就为了先下手先相处，赌女生得知后心软，全程主打一个拖字，我跟你说，如果不是女方自己发现，男方是永远不可能说的。 本来如果得知条件不合适，根本不可能开始，所以隐瞒就扩宽了人选范围，从一开始就有了算计。 而这个事严重的地方，是这个男的人品有问题，他一开始就这样，就代表可能婚姻里有什么事也会隐瞒，这根本过不了日子。你说这种事是不是刚需，就跟问婚姻里人品这点是不是刚需一样，人品这东西是无法一眼看出来，如果早能知道对方人品不好你还去结，那也是真的勇士了。 我有个闺蜜就是上海本地人自身比较不计较想找个性格文静的，遇到一个外地打工的一个月五六千，女的要求一边出一半钱买房，男的不同意，那女的说让男的入赘，男的不愿意，就拖，拖了六七年，到现在女的快三十了还不结婚。然后慢慢的从男方那里能感受到一个态度：你都快三十了还讲究啥？,0.3594573740249155,1.0,0.8682968271246809
"说到底就是在意你是【二本的】，男方的条件还没有好到可以让女生完全不介意你的婚育史，再加上男方妈妈没有照顾到女方地域习俗，第一次上门就算晕车也不能是清粥小菜吧，鱼肉虾这些都是基本的，本来女方就心存芥蒂，又觉得婆婆没有重视自己，最后肯定选择分手了，如果男方家里对女方重视一点，可能会让女方的芥蒂少一点，女方会说服自己接受吧[笑哭]
最重要的还是心理介意了，十五万以及过往感情不足以抵消这个芥蒂，[笑哭]",说到底就是在意你是【二本的】，男方的条件还没有好到可以让女生完全不介意你的婚育史，再加上男方妈妈没有照顾到女方地域习俗，第一次上门就算晕车也不能是清粥小菜吧，鱼肉虾这些都是基本的，本来女方就心存芥蒂，又觉得婆婆没有重视自己，最后肯定选择分手了，如果男方家里对女方重视一点，可能会让女方的芥蒂少一点，女方会说服自己接受吧 最重要的还是心理介意了，十五万以及过往感情不足以抵消这个芥蒂，,0.3594573740249155,1.0,0.7505055096261751
"记住沉没资本不是资本，4年就当是喂狗了，不能跟一步步试探底线的人结婚
在我看来男方就是在一步步试探底线，先隐瞒婚育史骗个女朋友-感情稳定时告知（底线降低）-去男方家里区别对待（继续试探底线，看好不好拿捏，毕竟要和男方大女儿及男方母亲一起生活）",记住沉没资本不是资本，年就当是喂狗了，不能跟一步步试探底线的人结婚 在我看来男方就是在一步步试探底线，先隐瞒婚育史骗个女朋友-感情稳定时告知（底线降低）-去男方家里区别对待（继续试探底线，看好不好拿捏，毕竟要和男方大女儿及男方母亲一起生活）,0.3594573740249155,1.0,0.7452588779785285
"小红书看多了  真以为钱是大风刮来的……明明自己家也就那水平    然后给男方家开一个自己家都拿不出的数字……侥幸心理想吃个大的   结果男方不干了  
唉……没办法   钱越来越难赚    不是以前那个工地🏗️遍地   大工随便一千每天  小工400的时候了",小红书看多了 真以为钱是大风刮来的……明明自己家也就那水平 然后给男方家开一个自己家都拿不出的数字……侥幸心理想吃个大的 结果男方不干了 唉……没办法 钱越来越难赚 不是以前那个工地🏗️遍地 大工随便一千每天 小工的时候了,0.3594573740249155,1.0,0.7670337984342603
"emmmmm有个大前提，嫁出去的姑娘泼出去的水，好像姑娘嫁出去就不是本家人了。
现在好像很多人这样想，自家姑娘嫁出去到男方家里了，咱没结过婚，不太懂为什么现在还是这种交易式的婚姻，或者说结婚后的既得利益者是男方家庭。咱感觉两个人合适结婚后应该是两人组成一个新的家庭而不是一个人融入到另一个家庭里，就算与父母住在一起也是。
也算是在这里问问是不是交易似的婚姻很普遍或者很正常或者应该，求广大B友告知[惊喜]",emmmmm有个大前提，嫁出去的姑娘泼出去的水，好像姑娘嫁出去就不是本家人了。 现在好像很多人这样想，自家姑娘嫁出去到男方家里了，咱没结过婚，不太懂为什么现在还是这种交易式的婚姻，或者说结婚后的既得利益者是男方家庭。咱感觉两个人合适结婚后应该是两人组成一个新的家庭而不是一个人融入到另一个家庭里，就算与父母住在一起也是。 也算是在这里问问是不是交易似的婚姻很普遍或者很正常或者应该，求广大B友告知,0.3594573740249155,1.0,0.6940418419059533
疑惑男方的是，都愿意加名字了，为啥不同意婚后买房子呢？相互之间都在算计,疑惑男方的是，都愿意加名字了，为啥不同意婚后买房子呢？相互之间都在算计,0.3594573740249155,1.0,0.6524193306611012
我是女生，家庭和生活的环境基本都觉得生男生女都一样，这样挺好，但是关于孩子姓氏问题目前不出意外基本都是默认和爸爸姓，因此，处于这种层面，我总是被我自己的爹妈灌输：生两个吧，大的和男方姓，小的和我们姓……听着我心里就挺膈应的，我多生一个孩子就为了拿个姓？,我是女生，家庭和生活的环境基本都觉得生男生女都一样，这样挺好，但是关于孩子姓氏问题目前不出意外基本都是默认和爸爸姓，因此，处于这种层面，我总是被我自己的爹妈灌输：生两个吧，大的和男方姓，小的和我们姓……听着我心里就挺膈应的，我多生一个孩子就为了拿个姓？,0.3594573740249155,0.33622659986374615,0.4182953725899696
说得很好，但是如果一个女人情绪都做不到稳定，任何小事都会变得暴躁，甚至出手打人。另外总是瞧不起别人，不会尊重别人，不是说瞧不起自己，周围就没有一个瞧得起的包括他的父亲，总是觉得别人不好，仿佛这个世界都是错的。就算男方做的再好，又怎么持续下去？,说得很好，但是如果一个女人情绪都做不到稳定，任何小事都会变得暴躁，甚至出手打人。另外总是瞧不起别人，不会尊重别人，不是说瞧不起自己，周围就没有一个瞧得起的包括他的父亲，总是觉得别人不好，仿佛这个世界都是错的。就算男方做的再好，又怎么持续下去？,0.3594573740249155,1.0,0.673404743486517
"大多家庭矛盾，说多了就是双方为自己利益做竞争，把问题全部丢给男方（新婚夫妻中的丈夫）来处理，处理不好还怪男方，自己隐身只负责夺利与享受，真剑啊，你妻子不是家庭一份子??不用处理矛盾却只是一直制造矛盾??
这样的婚姻对南方才是最大的残忍与不公平，当然，视频中男方双方父母做的都不对，男方父母不对在先，但是女方父母也不是啥好东西",大多家庭矛盾，说多了就是双方为自己利益做竞争，把问题全部丢给男方（新婚夫妻中的丈夫）来处理，处理不好还怪男方，自己隐身只负责夺利与享受，真剑啊，你妻子不是家庭一份子??不用处理矛盾却只是一直制造矛盾?? 这样的婚姻对南方才是最大的残忍与不公平，当然，视频中男方双方父母做的都不对，男方父母不对在先，但是女方父母也不是啥好东西,0.3594573740249155,1.0,0.6937878281438865
发昏傻三年！男方婚前傻，女方婚后傻。,发昏傻三年！男方婚前傻，女方婚后傻。,0.3594573740249155,1.0,0.5542048267177108
男方说我会一直陪着你，就是单纯的旁边陪伴，主打人在场，其他不管,男方说我会一直陪着你，就是单纯的旁边陪伴，主打人在场，其他不管,0.3594573740249155,1.0,0.6745764634873259
不学俄语的话，怎么跟女方家里交流，女方不说中文，怎么跟男方家里交流,不学俄语的话，怎么跟女方家里交流，女方不说中文，怎么跟男方家里交流,0.0,1.0,0.5659249457709936
评论风向基本一边倒了，但我还是觉得问题不仅在女方身上，大家批评女方看不起男方落后的习俗，不顾及男方的面子，不够爱男方，但有没有想过这个男方，他为什么要娶一个城里的姑娘？为什么不娶他们村里的姑娘呢？同地区村里风俗都差不多，完全不会驳了他的面子。他既然一步一步往上走，想超越自己的阶级，想娶一个城里的姑娘，那他需要做什么改变？他需不需要放下一定的面子？他需不需要主动来在风俗和女方之间打一个缓冲地？他要做的也是求同存异，不是明知差异的情况下让这个女生到他们家里坐小桌，我听过一期沈老师的播客，她讲商老师家里那边过年风俗就是早起串村拜年，但是他不会让沈老师早起跟着拜年，甚至公公婆婆心里对于沈老师城市风俗的情况接受，不会坚持要沈老师早起串村去，互相的体谅才有意义，而视频里这个男方甚至让女方坐小桌，难道他不清楚自己女朋友的性格想法吗？把一朵长在肥沃土地里的花放到沙漠里去，这个花受不了，这姑娘也受不了。,评论风向基本一边倒了，但我还是觉得问题不仅在女方身上，大家批评女方看不起男方落后的习俗，不顾及男方的面子，不够爱男方，但有没有想过这个男方，他为什么要娶一个城里的姑娘？为什么不娶他们村里的姑娘呢？同地区村里风俗都差不多，完全不会驳了他的面子。他既然一步一步往上走，想超越自己的阶级，想娶一个城里的姑娘，那他需要做什么改变？他需不需要放下一定的面子？他需不需要主动来在风俗和女方之间打一个缓冲地？他要做的也是求同存异，不是明知差异的情况下让这个女生到他们家里坐小桌，我听过一期沈老师的播客，她讲商老师家里那边过年风俗就是早起串村拜年，但是他不会让沈老师早起跟着拜年，甚至公公婆婆心里对于沈老师城市风俗的情况接受，不会坚持要沈老师早起串村去，互相的体谅才有意义，而视频里这个男方甚至让女方坐小桌，难道他不清楚自己女朋友的性格想法吗？把一朵长在肥沃土地里的花放到沙漠里去，这个花受不了，这姑娘也受不了。,0.3594573740249155,1.0,0.7958035452881816
"男方和女方的婚姻观不一致，这是很大的一个问题。
男方那边是大家长主导的传统嫁娶婚姻，一切婚姻形式都遵循大家长的意志和安排，男方本人是接受认同这些的，比如接受婚闹认为是尊重。
女方更倾向papi酱这样的现代婚姻形式，现代婚姻是男女双方一起主导自己的婚姻形式，不由两边的大家长干预和主导。
女方如果妥协接受男方大家长包括传统环境默认并主导的婚俗，其实就是接受嫁到男方家族，成为男方家族里的一员，而男方本人也是认同接受这些的。后续男方大家长干预他们婚姻生活是方方面面的(让女方履行嫁娶义务)，如果男方和女方意见不一致，还是接受大家长的干预，矛盾会非常多。
女方的问题是，她应该在早期恋爱阶段就婚姻观等各方面观念和男方进行讨论，而不是拖到谈婚论嫁的时候才考虑这些因素犹豫不决。
这个时候投入了好几年的沉没成本，因为婚姻细节的观念问题分开，难受是必然的，而且对男方有了依赖，习惯了被男方包容自己的情绪，分手后难以适应。
我个人觉得女方分手后很重要的一点是处理好自己的情绪问题，她分手后放不下，很大程度来自于习惯了男方对自己这块儿的包容，可能会觉得分手了很难找到其他能包容自己的男生了。
然后是找一个彼此价值观念接近的，彼此有共识的伴侣。这些很重要，是两个人刚接触时就应该互相深度了解的，papi酱夫妻两个就是如此，志同道合，一拍即合有默契。
还有一点，如果外地城市女生选择嫁到这样的男方家(农村父权文化浓厚的地方)，接受了男方大家长嫁娶婚俗的安排，我建议入乡随俗问男方家要彩礼，否则男方家潜意识会觉得女方“便宜”送上门的，不会去尊重女方的。
农村嫁娶婚姻的婚俗安排，服务于男方家族的父系姓氏和血缘继承。他们之所以愿意掏巨资给女方，一来是男方大家长要主导嫁娶婚姻，二来是履行男方娶的义务，相应的会要求女方履行“嫁”的系列义务。这钱并不是白掏的。外地城市女方选择“嫁”到农村，遵循了嫁娶习俗，会要求女方履行嫁娶义务，如果女方按城里习惯不要彩礼而遵循嫁娶义务，可想而知男方大家长会是什么态度。",男方和女方的婚姻观不一致，这是很大的一个问题。 男方那边是大家长主导的传统嫁娶婚姻，一切婚姻形式都遵循大家长的意志和安排，男方本人是接受认同这些的，比如接受婚闹认为是尊重。 女方更倾向papi酱这样的现代婚姻形式，现代婚姻是男女双方一起主导自己的婚姻形式，不由两边的大家长干预和主导。 女方如果妥协接受男方大家长包括传统环境默认并主导的婚俗，其实就是接受嫁到男方家族，成为男方家族里的一员，而男方本人也是认同接受这些的。后续男方大家长干预他们婚姻生活是方方面面的(让女方履行嫁娶义务)，如果男方和女方意见不一致，还是接受大家长的干预，矛盾会非常多。 女方的问题是，她应该在早期恋爱阶段就婚姻观等各方面观念和男方进行讨论，而不是拖到谈婚论嫁的时候才考虑这些因素犹豫不决。 这个时候投入了好几年的沉没成本，因为婚姻细节的观念问题分开，难受是必然的，而且对男方有了依赖，习惯了被男方包容自己的情绪，分手后难以适应。 我个人觉得女方分手后很重要的一点是处理好自己的情绪问题，她分手后放不下，很大程度来自于习惯了男方对自己这块儿的包容，可能会觉得分手了很难找到其他能包容自己的男生了。 然后是找一个彼此价值观念接近的，彼此有共识的伴侣。这些很重要，是两个人刚接触时就应该互相深度了解的，papi酱夫妻两个就是如此，志同道合，一拍即合有默契。 还有一点，如果外地城市女生选择嫁到这样的男方家(农村父权文化浓厚的地方)，接受了男方大家长嫁娶婚俗的安排，我建议入乡随俗问男方家要彩礼，否则男方家潜意识会觉得女方“便宜”送上门的，不会去尊重女方的。 农村嫁娶婚姻的婚俗安排，服务于男方家族的父系姓氏和血缘继承。他们之所以愿意掏巨资给女方，一来是男方大家长要主导嫁娶婚姻，二来是履行男方娶的义务，相应的会要求女方履行“嫁”的系列义务。这钱并不是白掏的。外地城市女方选择“嫁”到农村，遵循了嫁娶习俗，会要求女方履行嫁娶义务，如果女方按城里习惯不要彩礼而遵循嫁娶义务，可想而知男方大家长会是什么态度。,0.7361487306815024,1.0,0.8554238473034533
关于婚闹那个部分，是不是因为结婚的主体里也有“我”，是很重要有意义的，而“我”不希望自己的婚礼出现这些自己不喜欢的“仪式”，破坏了“我”心中婚礼，因为主人公之前也说了“不希望多年回想起来自己婚礼什么什么的”，毕竟婚礼主体不仅仅是男方，,关于婚闹那个部分，是不是因为结婚的主体里也有“我”，是很重要有意义的，而“我”不希望自己的婚礼出现这些自己不喜欢的“仪式”，破坏了“我”心中婚礼，因为主人公之前也说了“不希望多年回想起来自己婚礼什么什么的”，毕竟婚礼主体不仅仅是男方，,0.3594573740249155,1.0,0.5859277171735673
